model,condition,kind,tp,fp,fn,precision,recall,f1
DeepSeek,S0,entity,199,441,1387,0.3109375,0.12547288776796975,0.17879604672057503
DeepSeek,S0,relation,22,250,1145,0.08088235294117647,0.018851756640959727,0.030576789437109106
DeepSeek,G0,entity,1277,212,309,0.857622565480188,0.805170239596469,0.8305691056910569
DeepSeek,G0,relation,639,303,528,0.678343949044586,0.5475578406169666,0.6059743954480796
DeepSeek,Gstar,entity,1361,293,225,0.8228536880290206,0.8581336696090794,0.8401234567901235
DeepSeek,Gstar,relation,675,359,492,0.6528046421663443,0.5784061696658098,0.6133575647432985
DeepSeek,joint,entity,1384,249,202,0.8475199020208206,0.8726355611601513,0.8598943771357564
DeepSeek,joint,relation,745,390,422,0.6563876651982379,0.6383890317052271,0.6472632493483927
DeepSeek,human,entity,1212,266,374,0.8200270635994588,0.7641866330390921,0.7911227154046998
DeepSeek,human,relation,621,423,546,0.5948275862068966,0.532133676092545,0.5617367706919946
DeepSeek,minimal_R,entity,1361,293,225,0.8228536880290206,0.8581336696090794,0.8401234567901235
DeepSeek,minimal_R,relation,630,406,537,0.6081081081081081,0.5398457583547558,0.571947344530186
DeepSeek,author,entity,1316,193,270,0.8721007289595759,0.8297604035308953,0.8504038772213247
DeepSeek,author,relation,731,360,436,0.6700274977085243,0.6263924592973437,0.6474756421612046
DeepSeek,author_routed_joint,entity,1317,236,269,0.8480360592401803,0.830390920554855,0.8391207390888819
DeepSeek,author_routed_joint,relation,725,414,442,0.636523266022827,0.6212510711225364,0.6287944492627926
DeepSeek,author_full,entity,1290,200,296,0.8657718120805369,0.8133669609079445,0.8387516254876463
DeepSeek,author_full,relation,685,398,482,0.6325023084025854,0.586975149957155,0.6088888888888889
DeepSeek,author_full_joint,entity,1314,217,272,0.8582625734813847,0.8284993694829761,0.8431183830606351
DeepSeek,author_full_joint,relation,727,388,440,0.6520179372197309,0.6229648671808055,0.6371603856266432
DeepSeek,human_joint,entity,1244,221,342,0.8491467576791809,0.7843631778058008,0.8154703375942315
DeepSeek,human_joint,relation,626,384,541,0.6198019801980198,0.5364181662382177,0.5751033532384014
Terra,S0,entity,230,507,1356,0.3120759837177748,0.1450189155107188,0.19801980198019803
Terra,S0,relation,26,307,1141,0.07807807807807808,0.022279348757497857,0.034666666666666665
Terra,G0,entity,1312,242,274,0.8442728442728443,0.8272383354350568,0.8356687898089171
Terra,G0,relation,654,482,513,0.5757042253521126,0.5604113110539846,0.5679548415110726
Terra,Gstar,entity,1370,167,216,0.8913467794404685,0.8638083228247163,0.8773615113672751
Terra,Gstar,relation,681,388,486,0.637043966323667,0.583547557840617,0.60912343470483
Terra,joint,entity,1381,173,205,0.8886743886743886,0.8707440100882724,0.8796178343949045
Terra,joint,relation,703,365,464,0.6582397003745318,0.6023993144815767,0.629082774049217
Terra,human,entity,1295,244,291,0.8414554905782976,0.8165195460277428,0.8288000000000001
Terra,human,relation,693,430,474,0.6170970614425646,0.5938303341902313,0.605240174672489
Terra,minimal_R,entity,1370,167,216,0.8913467794404685,0.8638083228247163,0.8773615113672751
Terra,minimal_R,relation,690,388,477,0.640074211502783,0.5912596401028277,0.6146993318485523
Terra,author,entity,1310,269,276,0.8296390120329322,0.8259773013871374,0.8278041074249605
Terra,author,relation,701,452,466,0.6079791847354726,0.6006855184233076,0.6043103448275862
Terra,author_routed_joint,entity,1321,243,265,0.8446291560102301,0.8329129886506935,0.8387301587301588
Terra,author_routed_joint,relation,722,443,445,0.6197424892703862,0.6186803770351328,0.6192109777015437
Terra,author_full,entity,1326,249,260,0.8419047619047619,0.8360655737704918,0.8389750079088896
Terra,author_full,relation,716,427,451,0.626421697287839,0.6135389888603257,0.6199134199134199
Terra,author_full_joint,entity,1308,247,278,0.8411575562700965,0.8247162673392182,0.8328557784145177
Terra,author_full_joint,relation,709,445,458,0.6143847487001733,0.6075407026563839,0.6109435588108575
Terra,human_joint,entity,1273,295,313,0.8118622448979592,0.8026481715006305,0.8072289156626505
Terra,human_joint,relation,675,491,492,0.5789022298456261,0.5784061696658098,0.5786540934419203
Sol,S0,entity,232,530,1354,0.30446194225721784,0.14627994955863807,0.19761499148211242
Sol,S0,relation,35,360,1132,0.08860759493670886,0.029991431019708654,0.04481434058898848
Sol,G0,entity,1389,208,197,0.8697557921102066,0.8757881462799496,0.8727615457115928
Sol,G0,relation,773,381,394,0.669844020797227,0.662382176520994,0.6660922016372254
Sol,Gstar,entity,1382,188,204,0.8802547770700637,0.8713745271122321,0.8757921419518379
Sol,Gstar,relation,793,334,374,0.7036379769299024,0.6795201371036846,0.6913687881429817
Sol,joint,entity,1422,175,164,0.8904195366311835,0.8965952080706179,0.8934967012252593
Sol,joint,relation,831,327,336,0.7176165803108808,0.712082262210797,0.7148387096774194
Sol,human,entity,1324,204,262,0.8664921465968587,0.8348045397225725,0.8503532434168273
Sol,human,relation,726,401,441,0.6441881100266194,0.622107969151671,0.6329555361813427
Sol,minimal_R,entity,1382,188,204,0.8802547770700637,0.8713745271122321,0.8757921419518379
Sol,minimal_R,relation,748,433,419,0.6333615580016935,0.6409597257926307,0.637137989778535
Sol,author,entity,1340,227,246,0.8551372048500319,0.8448928121059268,0.8499841420869012
Sol,author,relation,761,405,406,0.6526586620926244,0.6520994001713796,0.652378911273039
Sol,author_full,entity,1349,221,237,0.859235668789809,0.8505674653215637,0.8548795944233207
Sol,author_full,relation,768,399,399,0.6580976863753213,0.6580976863753213,0.6580976863753213
Sol,author_full_joint,entity,1345,213,241,0.8632862644415917,0.8480453972257251,0.8555979643765903
Sol,author_full_joint,relation,763,408,404,0.6515798462852262,0.6538131962296486,0.6526946107784432
Sol,human_joint,entity,1264,284,322,0.8165374677002584,0.7969735182849937,0.8066368857689853
Sol,human_joint,relation,657,509,510,0.5634648370497427,0.5629820051413882,0.5632233176168024
