model,phase,trial,accepted,action,target_rule_id,stratum,f1_before,f1_after,delta_f1,delta_tp,delta_fp,delta_fn,target_before,target_after,eligible_before,eligible_after,improved_reports,worsened_reports,unchanged_reports,tie_break
DeepSeek,entity,1,True,REVISE,R1,ENT_FP|ANAT,0.6959537572254335,0.7573529411764706,0.06139918395103705,8,-57,-8,38,7,185,138,9,3,0,False
DeepSeek,entity,2,False,ADD,,ENT_FP|OBS-DP,0.7573529411764706,0.7258883248730964,-0.03146461630337416,-23,-5,23,29,5,138,141,4,7,1,False
DeepSeek,entity,3,True,REVISE,R1,ENT_FN|ANAT,0.7573529411764706,0.7589498806682577,0.001596939491787186,9,13,-9,18,5,138,145,4,8,0,False
DeepSeek,entity,4,True,REVISE,R1,ENT_FP|ANAT,0.7589498806682577,0.7910271546635183,0.0320772739952605,17,-8,-17,32,32,145,131,6,6,0,False
DeepSeek,entity,5,False,ADD,,ENT_FP|ANAT,0.7910271546635183,0.7875894988066826,-0.003437655856835642,-5,-4,5,32,30,131,135,5,5,2,False
DeepSeek,entity,6,False,REVISE,R2,ENT_FP|OBS-DP,0.7910271546635183,0.7897934386391251,-0.00123371602439315,-10,-14,10,24,8,131,127,7,2,3,False
DeepSeek,entity,7,False,REVISE,R2,ENT_FN|OBS-DP,0.7910271546635183,0.759656652360515,-0.0313705023030032,19,66,-19,15,0,131,180,5,7,0,False
DeepSeek,entity,8,False,ADD,,ENT_BOUNDARY|OBS-DP,0.7910271546635183,0.7013977128335451,-0.08962944182997312,-59,-1,59,11,22,131,169,4,7,1,False
DeepSeek,entity,9,True,REVISE,R4,ENT_LABEL|OBS-DP->OBS-U,0.7910271546635183,0.8028503562945368,0.011823201631018576,3,-8,-3,8,0,131,119,6,6,0,False
DeepSeek,entity,10,False,REVISE,R1,ENT_FP|ANAT,0.8028503562945368,0.7858017135862914,-0.017048642708245465,-17,-8,17,33,11,119,121,5,6,1,False
DeepSeek,entity,11,False,REVISE,R2,ENT_FP|OBS-DP,0.8028503562945368,0.7783018867924528,-0.024548469502084003,-8,14,8,19,24,119,134,5,7,0,False
DeepSeek,entity,12,False,REVISE,R2,ENT_FN|OBS-DP,0.8028503562945368,0.708502024291498,-0.09434833200303883,12,134,-12,12,0,119,237,2,10,0,False
DeepSeek,entity,13,True,ADD,,ENT_BOUNDARY|OBS-DP,0.8028503562945368,0.8323281061519904,0.02947774985745355,7,-20,-7,12,5,119,102,7,3,2,False
DeepSeek,entity,14,False,REVISE,R1,ENT_FP|ANAT,0.8323281061519904,0.830655129789864,-0.0016729763621263771,-9,-11,9,34,30,102,105,7,5,0,False
DeepSeek,entity,15,False,REVISE,R2,ENT_FN|OBS-DP,0.8323281061519904,0.7827027027027027,-0.049625403449287675,17,79,-17,14,0,102,165,5,6,1,False
DeepSeek,entity,16,False,REVISE,R2,ENT_FP|OBS-DP,0.8323281061519904,0.7503136762860728,-0.08201442986591756,-46,14,46,8,7,102,150,3,9,0,False
DeepSeek,entity,17,False,ADD,,ENT_LABEL|OBS-DP->ANAT,0.8323281061519904,0.8130841121495327,-0.019243994002457687,3,24,-3,7,0,102,118,5,6,1,False
DeepSeek,entity,18,True,REVISE,R1,ENT_LABEL|ANAT->OBS-DP,0.8323281061519904,0.8568047337278106,0.024476627575820253,17,-1,-17,6,0,102,94,8,3,1,False
DeepSeek,entity,19,False,REVISE,R1,ENT_FP|ANAT,0.8568047337278106,0.8248175182481752,-0.031987215479635456,-23,0,23,35,29,94,111,5,6,1,False
DeepSeek,entity,20,False,ADD,,ENT_FP|OBS-DP,0.8568047337278106,0.8206388206388207,-0.036165913088989976,-28,-3,28,14,4,94,109,5,5,2,False
DeepSeek,entity,21,False,REVISE,R2,ENT_FN|OBS-DP,0.8568047337278106,0.8406779661016949,-0.016126767626115757,10,30,-10,12,2,94,113,5,7,0,False
DeepSeek,entity,22,True,REVISE,R4,ENT_LABEL|OBS-U->OBS-DP,0.8568047337278106,0.8633615477629988,0.006556814035188152,-5,-13,5,7,0,94,91,6,6,0,False
DeepSeek,entity,23,True,REVISE,R1,ENT_FP|ANAT,0.8633615477629988,0.8728179551122195,0.009456407349220708,-7,-18,7,35,9,91,76,8,4,0,False
DeepSeek,entity,24,False,REVISE,R1,ENT_FN|ANAT,0.8728179551122195,0.848851269649335,-0.023966685462884496,1,24,-1,14,5,76,101,3,9,0,False
DeepSeek,entity,25,False,REVISE,R2,ENT_FN|OBS-DP,0.8728179551122195,0.8578088578088578,-0.01500909730336164,18,38,-18,12,1,76,97,5,7,0,False
DeepSeek,entity,26,True,REVISE,R5,ENT_BOUNDARY|ANAT,0.8728179551122195,0.8813982521847691,0.008580297072549592,3,-4,-3,10,2,76,75,4,8,0,False
DeepSeek,entity,27,False,REVISE,R2,ENT_FN|OBS-DP,0.8813982521847691,0.8805620608899297,-0.0008361912948393613,23,30,-23,20,0,75,83,6,4,2,False
DeepSeek,entity,28,True,REVISE,R2,ENT_FP|OBS-DP,0.8813982521847691,0.8936170212765957,0.01221876909182662,4,-6,-4,12,6,75,65,5,3,4,False
DeepSeek,entity,29,True,REVISE,R2,ENT_FN|OBS-DP,0.8936170212765957,0.8953068592057761,0.0016898379291804266,15,17,-15,19,1,65,64,7,5,0,False
DeepSeek,entity,30,False,REVISE,R2,ENT_FP|OBS-DP,0.8953068592057761,0.8943488943488943,-0.0009579648568818211,-8,-9,8,16,10,64,63,6,4,2,False
DeepSeek,entity,31,True,REVISE,R1,ENT_FP|ANAT,0.8953068592057761,0.8967193195625759,0.0014124603567997607,-3,-5,3,9,4,64,64,5,5,2,False
DeepSeek,entity,32,False,REVISE,R2,ENT_FP|OBS-DP,0.8967193195625759,0.8921568627450981,-0.0045624568174778,-5,-2,5,22,10,64,58,6,3,3,False
DeepSeek,entity,33,False,REVISE,R1,ENT_FN|ANAT,0.8967193195625759,0.8543451652386781,-0.042374154323897795,-20,14,20,10,2,64,90,2,7,3,False
DeepSeek,entity,34,False,ADD,,ENT_LABEL|OBS-DP->ANAT,0.8967193195625759,0.8616504854368932,-0.035068834125682735,-14,15,14,8,0,64,83,5,6,1,False
DeepSeek,entity,35,False,REVISE,R5,ENT_FP|ANAT,0.8967193195625759,0.6553524804177546,-0.24136683914482127,-118,61,118,4,2,64,193,0,12,0,False
DeepSeek,entity,36,False,ADD,,ENT_BOUNDARY|OBS-U,0.8967193195625759,0.888622754491018,-0.00809656507155787,2,10,-2,3,2,64,68,4,6,2,False
DeepSeek,entity,37,True,REVISE,R4,ENT_FP|OBS-U,0.8967193195625759,0.9097472924187726,0.013027972856196723,9,-1,-9,3,1,64,58,6,3,3,False
DeepSeek,entity,38,False,REVISE,R2,ENT_FP|OBS-DP,0.9097472924187726,0.908641975308642,-0.0011053171101306214,-10,-11,10,27,9,58,48,2,6,4,False
DeepSeek,entity,39,False,REVISE,R1,ENT_FN|ANAT,0.9097472924187726,0.9062870699881376,-0.0034602224306350404,4,8,-4,7,0,58,60,4,3,5,False
DeepSeek,entity,40,False,ADD,,ENT_LABEL|OBS-DP->ANAT,0.9097472924187726,0.8506571087216248,-0.0590901836971478,-22,28,22,5,1,58,88,2,9,1,False
DeepSeek,entity,41,False,REVISE,R1,ENT_FP|ANAT,0.9097472924187726,0.8778718258766627,-0.03187546654210993,-15,11,15,4,4,58,79,1,9,2,False
DeepSeek,entity,42,False,REVISE,R3,ENT_LABEL|OBS-DP->OBS-DA,0.9097472924187726,0.8149038461538461,-0.09484344626492647,-39,40,39,3,0,58,111,1,9,2,False
DeepSeek,entity,43,False,REVISE,R1,ENT_BOUNDARY|ANAT,0.9097472924187726,0.8904761904761904,-0.01927110194258219,-4,13,4,2,2,58,71,1,6,5,False
DeepSeek,entity,44,False,ADD,,ENT_BOUNDARY|OBS-U,0.9097472924187726,0.8958837772397095,-0.013863515179063146,-8,3,8,2,6,58,63,1,8,3,False
DeepSeek,entity,45,False,REVISE,R3,ENT_FP|OBS-DA,0.9097472924187726,0.8851269649334945,-0.024620327485278093,-12,8,12,2,2,58,71,3,7,2,False
DeepSeek,entity,46,False,REVISE,R4,ENT_LABEL|OBS-DP->OBS-U,0.9097472924187726,0.8835534213685474,-0.026193871050225193,-10,12,10,2,0,58,71,3,7,2,False
DeepSeek,entity,47,True,ADD,,ENT_BOUNDARY|OBS-DA,0.9097472924187726,0.9101941747572816,0.0004468823385089804,-3,-4,3,1,1,58,54,4,5,3,False
DeepSeek,entity,48,False,REVISE,R2,ENT_FP|OBS-DP,0.9101941747572816,0.8767833981841764,-0.033410776573105205,-37,-16,37,21,3,54,72,2,9,1,False
DeepSeek,entity,49,False,ADD,,ENT_LABEL|OBS-DP->ANAT,0.9101941747572816,0.8804878048780488,-0.029706369879232808,-14,10,14,8,0,54,65,5,6,1,False
DeepSeek,entity,50,False,REVISE,R1,ENT_FN|ANAT,0.9101941747572816,0.895808383233533,-0.014385791523748637,-1,12,1,6,0,54,64,2,6,4,False
DeepSeek,entity,51,False,REVISE,R1,ENT_FP|ANAT,0.9101941747572816,0.8795180722891566,-0.03067610246812502,-10,16,10,4,4,54,75,4,6,2,False
DeepSeek,entity,52,False,REVISE,R3,ENT_LABEL|OBS-DP->OBS-DA,0.9101941747572816,0.8987951807228916,-0.011398994034390042,-2,8,2,3,1,54,65,2,6,4,False
DeepSeek,entity,53,False,REVISE,R1,ENT_BOUNDARY|ANAT,0.9101941747572816,0.8821385176184691,-0.02805565713881253,-12,11,12,2,5,54,72,2,5,5,False
DeepSeek,entity,54,False,ADD,,ENT_BOUNDARY|OBS-U,0.9101941747572816,0.8929001203369434,-0.017294054420338156,-4,11,4,2,2,54,64,1,7,4,False
DeepSeek,entity,55,False,REVISE,R3,ENT_FP|OBS-DA,0.9101941747572816,0.7989756722151088,-0.1112185025421728,-63,20,63,2,1,54,117,2,10,0,False
DeepSeek,entity,56,False,REVISE,EA047,ENT_BOUNDARY|OBS-DA,0.9101941747572816,0.8716707021791767,-0.038523472578104845,-15,17,15,1,15,54,72,3,8,1,False
DeepSeek,entity,57,False,ADD,,ENT_BOUNDARY|OBS-DP,0.9101941747572816,0.896969696969697,-0.013224477787584621,-5,6,5,1,6,54,61,5,6,1,False
DeepSeek,entity,58,False,REVISE,R4,ENT_FN|OBS-U,0.9101941747572816,0.8934131736526946,-0.016781001104587023,-2,13,2,1,0,54,67,3,7,2,False
DeepSeek,entity,59,False,ADD,,ENT_LABEL|ANAT->OBS-DA,0.9101941747572816,0.9002433090024331,-0.009950865754848492,-5,3,5,1,0,54,60,4,6,2,False
DeepSeek,entity,60,False,REVISE,R2,ENT_LABEL|ANAT->OBS-DP,0.9101941747572816,0.9051094890510949,-0.005084685706186698,-3,1,3,1,1,54,56,4,7,1,False
DeepSeek,entity,61,False,REVISE,R4,ENT_LABEL|OBS-DP->OBS-U,0.9101941747572816,0.8905289052890529,-0.019665269468228663,-13,2,13,1,0,54,60,6,3,3,False
DeepSeek,relation,1,True,REVISE,R02,SPURIOUS_EDGE|Modify,0.5185185185185185,0.5423728813559322,0.023854362837413712,-3,-33,3,61,49,186,180,7,4,1,False
DeepSeek,relation,2,True,REVISE,R02,SPURIOUS_EDGE|Modify,0.5423728813559322,0.5759368836291914,0.033564002273259175,2,-26,-2,49,21,180,156,8,4,0,False
DeepSeek,relation,3,True,REVISE,R02,MISSING_EDGE|Modify,0.5759368836291914,0.6122448979591837,0.03630801432999231,19,13,-19,45,21,156,140,5,7,0,False
DeepSeek,relation,4,False,REVISE,R02,SPURIOUS_EDGE|Modify,0.6122448979591837,0.5921787709497207,-0.020066127009462975,-6,4,6,28,28,140,148,4,8,0,False
DeepSeek,relation,5,True,REVISE,R01,MISSING_EDGE|LocatedAt,0.6122448979591837,0.6153846153846154,0.0031397174254317317,7,13,-7,27,17,140,141,4,5,3,False
DeepSeek,relation,6,True,REVISE,R02,SPURIOUS_EDGE|Modify,0.6153846153846154,0.6225402504472272,0.007155635062611743,2,-2,-2,27,22,141,140,7,4,1,False
DeepSeek,relation,7,False,REVISE,R01,SPURIOUS_EDGE|LocatedAt,0.6225402504472272,0.6162361623616236,-0.006304088085603565,-7,-10,7,30,22,140,142,4,7,1,False
DeepSeek,relation,8,True,ADD,,MISSING_EDGE|Modify,0.6225402504472272,0.644927536231884,0.022387285784656874,4,-11,-4,25,23,140,129,7,4,1,False
DeepSeek,relation,9,True,REVISE,R02,SPURIOUS_EDGE|Modify,0.644927536231884,0.6527050610820244,0.007777524850140383,9,12,-9,24,18,129,130,6,5,1,False
DeepSeek,relation,10,False,REVISE,R01,SPURIOUS_EDGE|LocatedAt,0.6527050610820244,0.6365217391304347,-0.01618332195158967,-4,6,4,38,42,130,136,3,8,1,False
DeepSeek,relation,11,False,ADD,,MISSING_EDGE|Modify,0.6527050610820244,0.6334519572953736,-0.019253103786650794,-9,-2,9,18,17,130,134,3,8,1,False
DeepSeek,relation,12,True,REVISE,R02,SPURIOUS_EDGE|Modify,0.6527050610820244,0.6570397111913358,0.004334650109311333,-5,-14,5,18,19,130,129,5,6,1,False
DeepSeek,relation,13,True,REVISE,R01,SPURIOUS_EDGE|LocatedAt,0.6570397111913358,0.6705882352941176,0.013548524102781845,-11,-33,11,32,13,129,116,7,5,0,False
DeepSeek,relation,14,False,ADD,,MISSING_EDGE|Modify,0.6705882352941176,0.6433823529411765,-0.02720588235294108,4,30,-4,34,19,116,129,4,7,1,False
DeepSeek,relation,15,False,ADD,,MISSING_EDGE|LocatedAt,0.6705882352941176,0.6309751434034416,-0.03961309189067597,-6,19,6,26,26,116,137,3,9,0,False
DeepSeek,relation,16,False,REVISE,R02,SPURIOUS_EDGE|Modify,0.6705882352941176,0.6434108527131783,-0.02717738258093927,-5,11,5,15,14,116,131,6,5,1,False
DeepSeek,relation,17,False,REVISE,R01,SPURIOUS_EDGE|LocatedAt,0.6705882352941176,0.6533864541832669,-0.01720178111085069,-7,-1,7,13,12,116,123,5,4,3,False
DeepSeek,relation,18,False,REVISE,RA008,WRONG_OBJECT_ATTACHMENT|Modify,0.6705882352941176,0.6297029702970297,-0.04088526499708789,-12,7,12,7,6,116,139,5,5,2,False
DeepSeek,relation,19,True,ADD,,REVERSED_DIRECTION|Modify,0.6705882352941176,0.6951456310679611,0.024557395773843527,8,-3,-8,5,0,116,111,8,3,1,False
DeepSeek,relation,20,False,REVISE,R02,MISSING_EDGE|Modify,0.6951456310679611,0.6085271317829457,-0.08661849928501542,-22,23,22,34,41,111,141,1,11,0,False
DeepSeek,relation,21,True,ADD,,MISSING_EDGE|LocatedAt,0.6951456310679611,0.7039106145251397,0.008764983457178577,10,12,-10,22,12,111,110,6,5,1,False
DeepSeek,relation,22,True,ADD,,MISSING_EDGE|Modify,0.7039106145251397,0.7495495495495496,0.045638935024409855,19,-1,-19,33,12,110,90,10,2,0,False
DeepSeek,relation,23,False,REVISE,R01,SPURIOUS_EDGE|LocatedAt,0.7495495495495496,0.7379679144385026,-0.011581635111046928,-1,7,1,20,22,90,95,3,6,3,False
DeepSeek,relation,24,False,REVISE,RA008,SPURIOUS_EDGE|Modify,0.7495495495495496,0.725314183123878,-0.02423536642567159,-6,8,6,15,19,90,103,3,7,2,False
DeepSeek,relation,25,False,ADD,,MISSING_EDGE|LocatedAt,0.7495495495495496,0.7107142857142857,-0.03883526383526381,-9,14,9,14,11,90,112,3,7,2,False
DeepSeek,relation,26,False,ADD,,MISSING_EDGE|Modify,0.7495495495495496,0.7262969588550984,-0.02325259069445118,-5,9,5,12,16,90,99,4,6,2,False
DeepSeek,relation,27,False,REVISE,R03,SPURIOUS_EDGE|SuggestiveOf,0.7495495495495496,0.7292418772563177,-0.020307672293231827,-6,5,6,7,4,90,98,5,5,2,False
DeepSeek,relation,28,False,REVISE,RA008,WRONG_OBJECT_ATTACHMENT|Modify,0.7495495495495496,0.7269372693726938,-0.022612280176855792,-11,-2,11,7,2,90,104,4,7,1,False
DeepSeek,relation,29,False,ADD,,WRONG_OBJECT_ATTACHMENT|LocatedAt,0.7495495495495496,0.6210720887245841,-0.12847746082496547,-40,26,40,6,30,90,133,0,12,0,False
DeepSeek,relation,30,False,REVISE,R03,MISSING_EDGE|SuggestiveOf,0.7495495495495496,0.701627486437613,-0.047922063111936586,-14,12,14,2,7,90,105,1,8,3,False
DeepSeek,relation,31,False,REVISE,R02,WRONG_PREDICATE|LocatedAt->Modify,0.7495495495495496,0.7169117647058824,-0.032637784843667195,-13,2,13,2,1,90,106,3,6,3,False
DeepSeek,relation,32,False,ADD,,WRONG_SUBJECT_ATTACHMENT|Modify,0.7495495495495496,0.7473309608540926,-0.002218588695456991,2,5,-2,2,2,90,92,7,5,0,False
DeepSeek,relation,33,False,REVISE,R01,REVERSED_DIRECTION|LocatedAt,0.7495495495495496,0.6958105646630237,-0.05373898488652584,-17,11,17,1,1,90,108,2,8,2,False
DeepSeek,relation,34,False,REVISE,R01,WRONG_PREDICATE|Modify->LocatedAt,0.7495495495495496,0.7362637362637363,-0.013285813285813242,-7,-2,7,1,1,90,94,3,8,1,False
DeepSeek,relation,35,False,REVISE,RA021,WRONG_SUBJECT_ATTACHMENT|LocatedAt,0.7495495495495496,0.7184115523465704,-0.031137997202979162,-9,8,9,1,1,90,104,4,6,2,False
Terra,entity,1,False,REVISE,E10,ENT_BOUNDARY|OBS-DP,0.7594627594627594,0.7356881851400731,-0.02377457432268637,-9,11,9,21,24,126,136,3,4,5,False
Terra,entity,2,False,REVISE,E10,ENT_BOUNDARY|ANAT,0.7594627594627594,0.7409200968523002,-0.018542662610459226,-5,12,5,20,20,126,136,5,5,2,False
Terra,entity,3,False,ADD,,ENT_FP|OBS-DP,0.7594627594627594,0.749691738594328,-0.009771020868431401,-7,-1,7,16,5,126,124,4,5,3,False
Terra,entity,4,True,ADD,,ENT_FN|OBS-DP,0.7594627594627594,0.7705112960760999,0.011048536613340487,13,9,-13,12,2,126,121,5,4,3,False
Terra,entity,5,True,REVISE,E10,ENT_BOUNDARY|OBS-DP,0.7705112960760999,0.7990487514863258,0.028537455410225898,12,-12,-12,21,16,121,107,3,3,6,False
Terra,entity,6,True,REVISE,E08,ENT_FP|OBS-DP,0.7990487514863258,0.8151774785801713,0.016128727093845496,-3,-21,3,20,3,107,91,5,4,3,False
Terra,entity,7,False,REVISE,E10,ENT_BOUNDARY|ANAT,0.8151774785801713,0.7980416156670747,-0.017135862913096656,-7,7,7,16,14,91,104,3,5,4,False
Terra,entity,8,True,REVISE,E10,ENT_BOUNDARY|OBS-DP,0.8151774785801713,0.8186274509803921,0.0034499724002208243,1,-2,-1,13,15,91,92,4,3,5,False
Terra,entity,9,False,REVISE,E07,ENT_BOUNDARY|OBS-DP,0.8186274509803921,0.7995110024449877,-0.019116448535404396,-7,9,7,15,13,92,103,5,6,1,False
Terra,entity,10,False,ADD,,ENT_FP|ANAT,0.8186274509803921,0.7625,-0.05612745098039218,-29,13,29,12,5,92,114,4,6,2,False
Terra,entity,11,False,REVISE,E10,ENT_BOUNDARY|OBS-DA,0.8186274509803921,0.7716727716727717,-0.04695467930762043,-18,21,18,12,11,92,112,4,5,3,False
Terra,entity,12,False,REVISE,E03,ENT_BOUNDARY|ANAT,0.8186274509803921,0.5564738292011019,-0.26215362177929025,-132,42,132,10,64,92,217,0,12,0,False
Terra,entity,13,False,REVISE,E08,ENT_FN|OBS-DP,0.8186274509803921,0.8,-0.01862745098039209,0,19,0,9,0,92,100,5,5,2,False
Terra,entity,14,False,REVISE,E08,ENT_FP|OBS-DP,0.8186274509803921,0.805352798053528,-0.013274652926864139,-3,9,3,6,10,92,101,5,4,3,False
Terra,entity,15,False,REVISE,E09,ENT_LABEL|OBS-DP->ANAT,0.8186274509803921,0.7579462102689487,-0.06068124071144343,-24,26,24,6,0,92,116,3,8,1,False
Terra,entity,16,False,ADD,,ENT_FP|OBS-U,0.8186274509803921,0.7707558859975217,-0.047871564982870485,-23,14,23,5,1,92,110,4,6,2,False
Terra,entity,17,False,REVISE,E06,ENT_LABEL|OBS-DP->OBS-U,0.8186274509803921,0.7872860635696821,-0.03134138741071002,-12,14,12,5,0,92,107,6,5,1,False
Terra,entity,18,False,REVISE,E10,ENT_BOUNDARY|OBS-U,0.8186274509803921,0.7701711491442543,-0.048456301836137805,-19,21,19,4,7,92,114,3,6,3,False
Terra,entity,19,False,REVISE,E05,ENT_LABEL|OBS-DP->OBS-DA,0.8186274509803921,0.7484811664641555,-0.07014628451623661,-26,33,26,3,0,92,122,2,8,2,False
Terra,entity,20,False,ADD,,ENT_FN|ANAT,0.8186274509803921,0.7829268292682927,-0.03570062171209942,-13,17,13,1,0,92,106,5,5,2,False
Terra,entity,21,False,ADD,,ENT_FN|OBS-DA,0.8186274509803921,0.8034398034398035,-0.015187647540588656,-7,5,7,1,0,92,99,5,2,5,False
Terra,entity,22,True,ADD,,ENT_FN|OBS-U,0.8186274509803921,0.8284313725490197,0.009803921568627527,4,-4,-4,1,1,92,88,4,3,5,False
Terra,entity,23,False,REVISE,E01,ENT_FP|ANAT,0.8284313725490197,0.7445255474452555,-0.08390582510376421,-32,38,32,13,17,88,139,1,11,0,False
Terra,entity,24,False,ADD,,ENT_BOUNDARY|OBS-DP,0.8284313725490197,0.7931034482758621,-0.03532792427315756,-16,12,16,11,12,88,104,3,6,3,False
Terra,entity,25,False,REVISE,E03,ENT_BOUNDARY|ANAT,0.8284313725490197,0.6811779769526248,-0.14725339559639483,-72,37,72,10,48,88,157,0,12,0,False
Terra,entity,26,False,ADD,,ENT_BOUNDARY|OBS-DA,0.8284313725490197,0.7784577723378213,-0.049973600211198344,-20,21,20,10,11,88,111,2,7,3,False
Terra,entity,27,False,REVISE,E04,ENT_FN|OBS-DP,0.8284313725490197,0.8141809290953546,-0.014250443453665107,-5,7,5,10,8,88,93,3,6,3,False
Terra,entity,28,False,REVISE,E09,ENT_LABEL|OBS-DP->ANAT,0.8284313725490197,0.8196319018404908,-0.008799470708528823,-4,3,4,7,2,88,93,7,3,2,False
Terra,entity,29,False,REVISE,E10,ENT_BOUNDARY|OBS-U,0.8284313725490197,0.7722772277227723,-0.056154144826247365,-26,18,26,6,7,88,112,3,6,3,False
Terra,entity,30,False,ADD,,ENT_FP|OBS-U,0.8284313725490197,0.8242574257425742,-0.00417394680644545,-5,-3,5,6,2,88,89,4,4,4,False
Terra,entity,31,True,REVISE,E06,ENT_LABEL|OBS-DP->OBS-U,0.8284313725490197,0.8298653610771114,0.0014339885280917342,1,0,-1,5,1,88,85,6,6,0,False
Terra,entity,32,True,REVISE,E07,ENT_BOUNDARY|OBS-DP,0.8298653610771114,0.8312958435207825,0.001430482443671055,1,0,-1,15,12,85,85,5,4,3,False
Terra,entity,33,False,REVISE,E10,ENT_BOUNDARY|ANAT,0.8312958435207825,0.8014705882352942,-0.029825255285488295,-13,11,13,17,19,85,101,1,6,5,False
Terra,entity,34,False,REVISE,E01,ENT_FP|ANAT,0.8312958435207825,0.7842170160295932,-0.0470788274911893,-22,15,22,13,11,85,110,1,7,4,False
Terra,entity,35,False,REVISE,E10,ENT_BOUNDARY|OBS-DP,0.8312958435207825,0.802937576499388,-0.028358267021394434,-12,11,12,12,18,85,97,1,6,5,False
Terra,entity,36,False,REVISE,E10,ENT_BOUNDARY|OBS-DA,0.8312958435207825,0.8215158924205379,-0.009779951100244544,-4,4,4,9,13,85,89,2,6,4,False
Terra,entity,37,False,REVISE,E06,ENT_FP|OBS-DP,0.8312958435207825,0.8004926108374384,-0.03080323268334406,-15,9,15,7,4,85,97,3,5,4,False
Terra,entity,38,True,REVISE,E10,ENT_BOUNDARY|OBS-U,0.8312958435207825,0.8522588522588522,0.020963008738069777,9,-8,-9,6,5,85,75,5,0,7,False
Terra,entity,39,False,REVISE,E10,ENT_BOUNDARY|ANAT,0.8522588522588522,0.8131868131868132,-0.039072039072039044,-16,16,16,16,17,75,94,1,7,4,False
Terra,entity,40,True,REVISE,E01,ENT_FP|ANAT,0.8522588522588522,0.8557575757575757,0.0034987234987234883,4,2,-4,13,15,75,86,4,6,2,False
Terra,entity,41,False,ADD,,ENT_FP|OBS-DP,0.8557575757575757,0.8424908424908425,-0.013266733266733222,-8,2,8,18,10,86,86,3,7,2,False
Terra,entity,42,False,ADD,,ENT_FP|ANAT,0.8557575757575757,0.8546583850931677,-0.0010991906644080007,-9,-11,9,15,6,86,74,5,5,2,False
Terra,entity,43,False,REVISE,E08,ENT_FN|OBS-DP,0.8557575757575757,0.7875894988066826,-0.06816807695089311,-23,36,23,7,2,86,117,3,9,0,False
Terra,entity,44,False,REVISE,E10,ENT_BOUNDARY|ANAT,0.8557575757575757,0.8321167883211679,-0.02364078743640785,-11,8,11,7,11,86,94,4,6,2,False
Terra,entity,45,True,ADD,,ENT_BOUNDARY|OBS-U,0.8557575757575757,0.8742368742368742,0.018479298479298523,5,-11,-5,6,2,86,73,9,3,0,False
Terra,entity,46,False,ADD,,ENT_FP|ANAT,0.8742368742368742,0.8401486988847584,-0.034088175352115835,-19,7,19,13,6,73,79,4,7,1,False
Terra,entity,47,False,ADD,,ENT_FP|OBS-DP,0.8742368742368742,0.8472049689440994,-0.027031905292774883,-17,3,17,13,5,73,80,5,6,1,False
Terra,entity,48,False,REVISE,E10,ENT_BOUNDARY|OBS-DP,0.8742368742368742,0.8170731707317073,-0.057163703505166974,-23,24,23,7,15,73,99,1,9,2,False
Terra,entity,49,False,REVISE,E10,ENT_BOUNDARY|ANAT,0.8742368742368742,0.7980652962515115,-0.07617157798536278,-28,36,28,7,16,73,112,1,10,1,False
Terra,entity,50,False,REVISE,E09,ENT_LABEL|OBS-DP->ANAT,0.8742368742368742,0.8174123337363967,-0.05682454050047758,-20,28,20,6,0,73,100,5,7,0,False
Terra,entity,51,False,REVISE,E01,ENT_FN|ANAT,0.8742368742368742,0.8442330558858502,-0.03000381835102406,-3,25,3,6,0,73,91,4,6,2,False
Terra,entity,52,False,REVISE,E08,ENT_FN|OBS-DP,0.8742368742368742,0.8216867469879519,-0.052550127248922385,-17,28,17,5,0,73,97,2,9,1,False
Terra,entity,53,False,REVISE,E10,ENT_BOUNDARY|OBS-DA,0.8742368742368742,0.8477466504263094,-0.026490223810564872,-10,12,10,4,4,73,85,3,7,2,False
Terra,entity,54,False,REVISE,E05,ENT_LABEL|OBS-DP->OBS-DA,0.8742368742368742,0.7593712212817413,-0.11486565295513296,-44,52,44,3,0,73,127,2,9,1,False
Terra,entity,55,False,REVISE,E10,ENT_BOUNDARY|OBS-U,0.8742368742368742,0.8092909535452323,-0.06494592069164196,-27,26,27,2,4,73,102,3,7,2,False
Terra,entity,56,False,REVISE,E06,ENT_FN|OBS-U,0.8742368742368742,0.8137254901960784,-0.06051138404079581,-26,23,26,2,1,73,97,3,7,2,False
Terra,entity,57,False,REVISE,E06,ENT_FP|OBS-U,0.8742368742368742,0.8148148148148148,-0.05942205942205947,-28,19,28,2,0,73,95,0,8,4,False
Terra,entity,58,False,REVISE,E05,ENT_FN|OBS-DA,0.8742368742368742,0.8437884378843789,-0.03044843635249539,-15,9,15,1,2,73,82,3,5,4,False
Terra,entity,59,False,REVISE,E05,ENT_FP|OBS-DA,0.8742368742368742,0.8351920693928129,-0.039044804844061365,-21,9,21,1,0,73,88,5,5,2,False
Terra,entity,60,False,REVISE,EA022,ENT_LABEL|OBS-DP->OBS-U,0.8742368742368742,0.8058252427184466,-0.06841163151842766,-26,31,26,1,0,73,103,2,7,3,False
Terra,relation,1,True,REVISE,R04,SPURIOUS_EDGE|Modify,0.5163511187607573,0.5342960288808665,0.017944910120109125,-2,-25,2,61,46,176,162,7,4,1,False
Terra,relation,2,False,REVISE,R04,SPURIOUS_EDGE|Modify,0.5342960288808665,0.47079646017699117,-0.0634995687038753,-15,26,15,46,38,162,180,5,5,2,False
Terra,relation,3,False,ADD,,MISSING_EDGE|LocatedAt,0.5342960288808665,0.531951640759931,-0.0023443881209355144,6,19,-6,27,16,162,170,4,6,2,False
Terra,relation,4,True,REVISE,R03,SPURIOUS_EDGE|LocatedAt,0.5342960288808665,0.5833333333333334,0.0490373044524669,13,-15,-13,26,22,162,144,8,0,4,False
Terra,relation,5,False,REVISE,R04,SPURIOUS_EDGE|Modify,0.5833333333333334,0.54673721340388,-0.03659611992945333,-6,21,6,45,57,144,160,2,9,1,False
Terra,relation,6,False,REVISE,R03,MISSING_EDGE|LocatedAt,0.5833333333333334,0.5748709122203098,-0.008462421113023533,6,23,-6,25,8,144,146,5,5,2,False
Terra,relation,7,False,REVISE,R03,SPURIOUS_EDGE|LocatedAt,0.5833333333333334,0.55,-0.033333333333333326,-7,15,7,22,23,144,161,1,5,6,False
Terra,relation,8,False,ADD,,MISSING_EDGE|Modify,0.5833333333333334,0.5811051693404634,-0.002228163992869958,2,7,-2,13,6,144,145,3,6,3,False
Terra,relation,9,False,REVISE,R05,SPURIOUS_EDGE|SuggestiveOf,0.5833333333333334,0.5474452554744526,-0.03588807785888082,-11,7,11,9,5,144,161,5,4,3,False
Terra,relation,10,True,REVISE,R04,REVERSED_DIRECTION|Modify,0.5833333333333334,0.5947826086956521,0.011449275362318767,10,13,-10,7,2,144,150,5,5,2,False
Terra,relation,11,False,REVISE,R04,SPURIOUS_EDGE|Modify,0.5947826086956521,0.26480836236933797,-0.32997424632631417,-95,94,95,63,73,150,254,0,11,1,False
Terra,relation,12,False,REVISE,R03,MISSING_EDGE|LocatedAt,0.5947826086956521,0.5910543130990416,-0.003728295596610587,14,37,-14,22,11,150,172,6,6,0,False
Terra,relation,13,False,REVISE,R03,SPURIOUS_EDGE|LocatedAt,0.5947826086956521,0.4879725085910653,-0.10681010010458686,-29,36,29,19,14,150,208,1,8,3,False
Terra,relation,14,False,REVISE,R04,WRONG_PREDICATE|LocatedAt->Modify,0.5947826086956521,0.5783132530120482,-0.01646935568360397,-3,9,3,11,1,150,149,5,6,1,False
Terra,relation,15,False,REVISE,R05,SPURIOUS_EDGE|SuggestiveOf,0.5947826086956521,0.5448154657293497,-0.04996714296630245,-16,10,16,10,5,150,173,4,6,2,False
Terra,relation,16,False,REVISE,R04,MISSING_EDGE|Modify,0.5947826086956521,0.46632124352331605,-0.12846136517233608,-36,40,36,9,2,150,197,0,10,2,False
Terra,relation,17,False,ADD,,WRONG_OBJECT_ATTACHMENT|Modify,0.5947826086956521,0.5803108808290155,-0.014471727866636641,-3,7,3,6,6,150,162,5,5,2,False
Terra,relation,18,False,REVISE,R03,WRONG_OBJECT_ATTACHMENT|LocatedAt,0.5947826086956521,0.4559068219633943,-0.1388757867322578,-34,60,34,4,15,150,232,0,11,1,False
Terra,relation,19,False,REVISE,R04,REVERSED_DIRECTION|Modify,0.5947826086956521,0.542608695652174,-0.05217391304347818,-15,15,15,2,13,150,162,1,9,2,False
Terra,relation,20,False,REVISE,R05,WRONG_OBJECT_ATTACHMENT|SuggestiveOf,0.5947826086956521,0.5818815331010453,-0.012901075594606848,-4,3,4,1,0,150,155,3,6,3,False
Terra,relation,21,False,REVISE,R04,WRONG_PREDICATE|Modify->LocatedAt,0.5947826086956521,0.5739130434782609,-0.02086956521739125,-6,6,6,1,0,150,160,1,8,3,False
Terra,relation,22,False,REVISE,R03,WRONG_SUBJECT_ATTACHMENT|LocatedAt,0.5947826086956521,0.5043478260869565,-0.09043478260869564,-26,26,26,1,3,150,201,2,9,1,False
Terra,relation,23,False,REVISE,R04,WRONG_SUBJECT_ATTACHMENT|Modify,0.5947826086956521,0.5495652173913044,-0.045217391304347765,-13,13,13,1,0,150,166,2,6,4,False
Sol,entity,1,False,REVISE,E15,ENT_FP|ANAT,0.9176755447941889,0.914004914004914,-0.0036706307892748757,-7,-5,7,11,4,46,48,2,4,6,False
Sol,entity,2,True,REVISE,E16,ENT_FP|OBS-DP,0.9176755447941889,0.9266503667481663,0.008974821953977363,0,-8,0,8,6,46,43,5,2,5,False
Sol,entity,3,False,REVISE,E15,ENT_FP|ANAT,0.9266503667481663,0.9169764560099133,-0.009673910738252967,-9,-2,9,11,4,43,45,3,4,5,False
Sol,entity,4,True,ADD,,ENT_FP|OBS-DP,0.9266503667481663,0.9277845777233782,0.0011342109752119356,0,-1,0,6,3,43,40,1,1,10,False
Sol,entity,5,False,REVISE,E15,ENT_FP|ANAT,0.9277845777233782,0.9226932668329177,-0.005091310890460443,-9,-6,9,11,4,40,43,4,4,4,False
Sol,entity,6,False,REVISE,E05,ENT_LABEL|OBS-DP->ANAT,0.9277845777233782,0.8886168910648715,-0.03916768665850667,-16,16,16,7,2,40,59,1,8,3,False
Sol,entity,7,False,REVISE,E16,ENT_FN|OBS-DP,0.9277845777233782,0.926060606060606,-0.0017239716627721613,3,5,-3,3,0,40,42,2,3,7,False
Sol,entity,8,False,REVISE,E13,ENT_FP|OBS-DP,0.9277845777233782,0.9219330855018587,-0.005851492221519483,-7,-3,7,3,0,40,43,3,2,7,False
Sol,entity,9,False,REVISE,E08,ENT_LABEL|OBS-DP->OBS-DA,0.9277845777233782,0.902200488997555,-0.025584088725823184,-10,11,10,3,0,40,51,1,7,4,False
Sol,entity,10,False,REVISE,E03,ENT_BOUNDARY|ANAT,0.9277845777233782,0.7630208333333334,-0.16476374439004482,-86,37,86,2,37,40,125,0,12,0,False
Sol,entity,11,False,REVISE,E03,ENT_BOUNDARY|OBS-U,0.9277845777233782,0.788586251621271,-0.13919832610210714,-75,29,75,2,7,40,113,0,10,2,False
Sol,entity,12,False,REVISE,E09,ENT_FP|OBS-U,0.9277845777233782,0.9236453201970444,-0.004139257526333817,-4,-1,4,2,0,40,42,2,4,6,False
Sol,entity,13,False,REVISE,E04,ENT_LABEL|ANAT->OBS-DP,0.9277845777233782,0.9057527539779682,-0.022031823745410017,-9,9,9,2,1,40,50,0,4,8,False
Sol,entity,14,False,REVISE,E03,ENT_BOUNDARY|OBS-DA,0.9277845777233782,0.8929889298892989,-0.03479564783407929,-16,12,16,1,11,40,57,0,9,3,False
Sol,entity,15,False,REVISE,E03,ENT_BOUNDARY|OBS-DP,0.9277845777233782,0.9179926560587516,-0.009791921664626613,-4,4,4,1,3,40,44,1,4,7,False
Sol,entity,16,False,REVISE,E07,ENT_FN|OBS-DA,0.9277845777233782,0.9157509157509157,-0.012033661972462473,-4,6,4,1,0,40,45,2,3,7,False
Sol,entity,17,False,REVISE,E13,ENT_FP|OBS-DA,0.9277845777233782,0.9257425742574258,-0.0020420034659524022,-5,-4,5,1,0,40,44,1,5,6,False
Sol,entity,18,True,REVISE,E11,ENT_LABEL|OBS-DP->OBS-U,0.9277845777233782,0.9313725490196079,0.003587971296229675,1,-2,-1,1,2,40,39,2,1,9,False
Sol,entity,19,False,REVISE,E15,ENT_FP|ANAT,0.9313725490196079,0.912718204488778,-0.018654344530829814,-14,0,14,11,4,39,47,3,4,5,False
Sol,entity,20,False,REVISE,E05,ENT_LABEL|OBS-DP->ANAT,0.9313725490196079,0.8910648714810282,-0.04030767753857967,-16,17,16,6,0,39,55,1,10,1,False
Sol,entity,21,False,REVISE,E16,ENT_FN|OBS-DP,0.9313725490196079,0.9174757281553398,-0.013896820864268022,-2,10,2,3,0,39,46,1,4,7,False
Sol,entity,22,False,REVISE,E16,ENT_FP|OBS-DP,0.9313725490196079,0.9039408866995073,-0.027431662320100525,-13,9,13,3,1,39,51,1,3,8,False
Sol,entity,23,False,REVISE,E08,ENT_LABEL|OBS-DP->OBS-DA,0.9313725490196079,0.9144254278728606,-0.016947121146747235,-6,8,6,3,0,39,46,1,5,6,False
Sol,entity,24,False,REVISE,E03,ENT_BOUNDARY|ANAT,0.9313725490196079,0.7901554404145078,-0.14121710860510006,-75,31,75,2,31,39,114,0,12,0,False
Sol,entity,25,False,REVISE,E03,ENT_BOUNDARY|OBS-U,0.9313725490196079,0.8949320148331273,-0.03644053418648052,-18,11,18,2,8,39,57,0,7,5,False
Sol,entity,26,False,REVISE,E13,ENT_FP|OBS-U,0.9313725490196079,0.9023485784919654,-0.029023970527642495,-15,8,15,2,0,39,53,2,4,6,False
Sol,entity,27,False,REVISE,E09,ENT_LABEL|OBS-DP->OBS-U,0.9313725490196079,0.8858895705521472,-0.04548297846746063,-19,18,19,2,2,39,61,1,6,5,False
Sol,entity,28,False,REVISE,E03,ENT_BOUNDARY|OBS-DA,0.9313725490196079,0.788036410923277,-0.14333613809633083,-77,30,77,1,2,39,114,0,9,3,False
Sol,entity,29,False,REVISE,E12,ENT_BOUNDARY|OBS-DP,0.9313725490196079,0.897908979089791,-0.033463569929816916,-15,12,15,1,10,39,55,1,9,2,False
Sol,entity,30,False,REVISE,E07,ENT_FN|OBS-DA,0.9313725490196079,0.9304029304029304,-0.0009696186166774368,1,2,-1,1,0,39,39,2,1,9,False
Sol,entity,31,False,ADD,,ENT_FN|OBS-U,0.9313725490196079,0.928921568627451,-0.002450980392156854,-1,1,1,1,0,39,39,1,1,10,False
Sol,entity,32,False,REVISE,E13,ENT_FP|OBS-DA,0.9313725490196079,0.9160493827160494,-0.015323166303558455,-9,3,9,1,0,39,48,1,6,5,False
Sol,relation,1,True,REVISE,R05,SPURIOUS_EDGE|Modify,0.6900175131348512,0.7001795332136446,0.01016202007879341,-2,-12,2,25,18,104,99,7,2,3,False
Sol,relation,2,True,REVISE,R06,SPURIOUS_EDGE|LocatedAt,0.7001795332136446,0.7093235831809872,0.009144049967342638,-1,-9,1,18,14,99,93,6,3,3,False
Sol,relation,3,False,REVISE,R05,SPURIOUS_EDGE|Modify,0.7093235831809872,0.7018181818181818,-0.0075054013628054195,-1,4,1,17,17,93,98,2,5,5,False
Sol,relation,4,False,REVISE,R03,SPURIOUS_EDGE|LocatedAt,0.7093235831809872,0.6974169741697417,-0.011906609011245517,-5,0,5,14,8,93,94,3,5,4,False
Sol,relation,5,False,REVISE,R06,WRONG_OBJECT_ATTACHMENT|LocatedAt,0.7093235831809872,0.6996336996336996,-0.009689883547287614,-3,2,3,13,8,93,102,3,5,4,False
Sol,relation,6,True,REVISE,R05,MISSING_EDGE|Modify,0.7093235831809872,0.7377622377622378,0.02843865458125061,17,8,-17,12,1,93,87,6,2,4,False
Sol,relation,7,False,REVISE,R10,SPURIOUS_EDGE|Modify,0.7377622377622378,0.7372134038800705,-0.00054883388216731,-2,-3,2,29,21,87,84,3,4,5,False
Sol,relation,8,True,REVISE,R04,WRONG_OBJECT_ATTACHMENT|LocatedAt,0.7377622377622378,0.7547826086956522,0.017020370933414353,6,-3,-6,15,6,87,84,7,3,2,False
Sol,relation,9,True,ADD,,SPURIOUS_EDGE|Modify,0.7547826086956522,0.7692307692307693,0.014448160535117105,-2,-14,2,25,18,84,75,7,3,2,False
Sol,relation,10,False,ADD,,SPURIOUS_EDGE|Modify,0.7692307692307693,0.75,-0.019230769230769273,-2,11,2,18,23,75,82,3,4,5,False
Sol,relation,11,False,ADD,,SPURIOUS_EDGE|LocatedAt,0.7692307692307693,0.7622377622377622,-0.006993006993007089,3,10,-3,15,10,75,81,2,6,4,False
Sol,relation,12,False,REVISE,R03,MISSING_EDGE|LocatedAt,0.7692307692307693,0.7336860670194003,-0.03554470221136896,-7,15,7,8,5,75,88,1,8,3,False
Sol,relation,13,False,REVISE,R06,WRONG_OBJECT_ATTACHMENT|LocatedAt,0.7692307692307693,0.7473309608540926,-0.02189980837667671,-5,8,5,6,2,75,84,4,4,4,False
Sol,relation,14,True,REVISE,R07,WRONG_OBJECT_ATTACHMENT|Modify,0.7692307692307693,0.800705467372134,0.03147469814136472,12,-4,-12,6,4,75,67,7,1,4,False
Sol,relation,15,False,REVISE,R06,SPURIOUS_EDGE|Modify,0.800705467372134,0.7821428571428571,-0.018562610229276855,-8,1,8,23,17,67,71,2,5,5,False
Sol,relation,16,False,REVISE,R03,SPURIOUS_EDGE|LocatedAt,0.800705467372134,0.7971781305114638,-0.003527336860670194,-1,1,1,13,11,67,67,3,4,5,False
Sol,relation,17,False,ADD,,MISSING_EDGE|LocatedAt,0.800705467372134,0.7879858657243817,-0.012719601647752321,-4,3,4,7,6,67,68,2,3,7,False
Sol,relation,18,False,REVISE,R06,WRONG_OBJECT_ATTACHMENT|LocatedAt,0.800705467372134,0.7548500881834215,-0.04585537918871252,-13,13,13,5,3,67,80,4,6,2,False
Sol,relation,19,False,REVISE,R08,SPURIOUS_EDGE|SuggestiveOf,0.800705467372134,0.7914438502673797,-0.00926161710475426,-5,-1,5,5,0,67,68,4,4,4,False
Sol,relation,20,False,REVISE,R07,WRONG_OBJECT_ATTACHMENT|Modify,0.800705467372134,0.776595744680851,-0.024109722691282975,-8,5,8,4,4,67,73,2,5,5,False
Sol,relation,21,True,REVISE,R08,MISSING_EDGE|SuggestiveOf,0.800705467372134,0.8041958041958042,0.0034903368236701704,3,2,-3,3,0,67,66,5,4,3,False
Sol,relation,22,False,REVISE,R07,SPURIOUS_EDGE|Modify,0.8041958041958042,0.7821428571428571,-0.022052947052947025,-11,-1,11,20,16,66,73,3,4,5,False
Sol,relation,23,False,REVISE,R03,SPURIOUS_EDGE|LocatedAt,0.8041958041958042,0.7678571428571429,-0.03633866133866126,-15,3,15,17,8,66,73,1,6,5,False
Sol,relation,24,False,ADD,,MISSING_EDGE|LocatedAt,0.8041958041958042,0.8013937282229965,-0.0028020759728076827,0,2,0,8,6,66,67,2,2,8,False
Sol,relation,25,True,ADD,,SPURIOUS_EDGE|SuggestiveOf,0.8041958041958042,0.8077601410934744,0.0035643368976702172,-1,-4,1,6,4,66,63,4,2,6,False
Sol,relation,26,False,ADD,,SPURIOUS_EDGE|Modify,0.8077601410934744,0.7992957746478874,-0.008464366445587013,-2,3,2,20,22,63,67,3,3,6,False
Sol,relation,27,False,ADD,,SPURIOUS_EDGE|LocatedAt,0.8077601410934744,0.7914438502673797,-0.016316290826094648,-7,1,7,15,11,63,67,3,5,4,False
Sol,relation,28,False,REVISE,R06,MISSING_EDGE|LocatedAt,0.8077601410934744,0.7902097902097902,-0.017550350883684174,-3,8,3,7,5,63,67,5,4,3,False
Sol,relation,29,False,REVISE,R06,WRONG_OBJECT_ATTACHMENT|LocatedAt,0.8077601410934744,0.7605633802816901,-0.047196760811784255,-13,14,13,5,4,63,77,4,6,2,False
Sol,relation,30,False,REVISE,R08,SPURIOUS_EDGE|SuggestiveOf,0.8077601410934744,0.8,-0.0077601410934743376,-3,1,3,4,0,63,65,2,4,6,False
Sol,relation,31,False,REVISE,R07,WRONG_OBJECT_ATTACHMENT|Modify,0.8077601410934744,0.7908611599297012,-0.016898981163773197,-4,6,4,3,5,63,70,1,4,7,False
Sol,relation,32,False,REVISE,R07,MISSING_EDGE|Modify,0.8077601410934744,0.7768014059753954,-0.030958735118079006,-8,10,8,2,1,63,71,4,4,4,False
Sol,relation,33,False,ADD,,WRONG_PREDICATE|LocatedAt->Modify,0.8077601410934744,0.7915936952714536,-0.01616644582202076,-3,7,3,2,0,63,70,2,4,6,False
Sol,relation,34,False,REVISE,R08,MISSING_EDGE|SuggestiveOf,0.8077601410934744,0.7935943060498221,-0.01416583504365232,-6,1,6,1,1,63,66,3,3,6,False
Sol,relation,35,True,REVISE,R03,REVERSED_DIRECTION|LocatedAt,0.8077601410934744,0.8111888111888111,0.003428670095336761,3,2,-3,1,0,63,62,6,1,5,False
Sol,relation,36,False,ADD,,SPURIOUS_EDGE|Modify,0.8111888111888111,0.7985989492119089,-0.012589861976902261,-4,3,4,21,22,62,65,3,5,4,False
Sol,relation,37,False,ADD,,SPURIOUS_EDGE|LocatedAt,0.8111888111888111,0.8035087719298246,-0.007680039258986526,-3,1,3,15,12,62,64,2,4,6,False
Sol,relation,38,False,ADD,,MISSING_EDGE|LocatedAt,0.8111888111888111,0.7979094076655052,-0.013279403523305922,-3,5,3,6,4,62,67,2,5,5,False
Sol,relation,39,False,REVISE,R06,WRONG_OBJECT_ATTACHMENT|LocatedAt,0.8111888111888111,0.7740805604203153,-0.03710825076849589,-11,10,11,5,5,62,73,2,7,3,False
Sol,relation,40,False,REVISE,R08,SPURIOUS_EDGE|SuggestiveOf,0.8111888111888111,0.7907801418439716,-0.020408669344839536,-9,1,9,5,1,62,67,1,6,5,False
Sol,relation,41,True,ADD,,WRONG_OBJECT_ATTACHMENT|Modify,0.8111888111888111,0.8148148148148148,0.0036260036260036266,-1,-4,1,3,2,62,60,4,3,5,False
Sol,relation,42,False,ADD,,SPURIOUS_EDGE|Modify,0.8148148148148148,0.8113879003558719,-0.0034269144589428313,-3,-2,3,20,17,60,60,4,4,4,False
Sol,relation,43,False,ADD,,SPURIOUS_EDGE|LocatedAt,0.8148148148148148,0.8126094570928196,-0.0022053577219951492,1,3,-1,14,15,60,62,4,4,4,False
Sol,relation,44,False,ADD,,MISSING_EDGE|LocatedAt,0.8148148148148148,0.8126094570928196,-0.0022053577219951492,1,3,-1,7,5,60,62,3,4,5,False
Sol,relation,45,False,REVISE,R06,WRONG_OBJECT_ATTACHMENT|LocatedAt,0.8148148148148148,0.778169014084507,-0.036645800730307765,-10,11,10,5,3,60,73,1,7,4,False
Sol,relation,46,False,REVISE,R08,SPURIOUS_EDGE|SuggestiveOf,0.8148148148148148,0.8141592920353983,-0.0006555227794164953,-1,-1,1,4,1,60,59,2,5,5,False
Sol,relation,47,True,ADD,,MISSING_EDGE|Modify,0.8148148148148148,0.8161120840630472,0.00129726924823248,2,2,-2,2,0,60,61,3,2,7,False
Sol,relation,48,True,REVISE,R06,SPURIOUS_EDGE|Modify,0.8161120840630472,0.8247787610619469,0.00866667699889967,0,-6,0,23,20,61,56,4,0,8,False
Sol,relation,49,False,REVISE,RA041,SPURIOUS_EDGE|Modify,0.8247787610619469,0.8218694885361552,-0.0029092725257917618,0,2,0,20,18,56,57,2,3,7,False
Sol,relation,50,False,ADD,,SPURIOUS_EDGE|LocatedAt,0.8247787610619469,0.8127208480565371,-0.012057913005409815,-3,4,3,12,14,56,62,2,4,6,False
Sol,relation,51,False,REVISE,R06,MISSING_EDGE|LocatedAt,0.8247787610619469,0.823943661971831,-0.0008350990901159205,1,2,-1,8,6,56,56,3,3,6,False
Sol,relation,52,False,REVISE,R04,WRONG_OBJECT_ATTACHMENT|LocatedAt,0.8247787610619469,0.8112874779541446,-0.013491283107802343,-3,5,3,4,5,56,61,1,5,6,False
Sol,relation,53,False,REVISE,R08,SPURIOUS_EDGE|SuggestiveOf,0.8247787610619469,0.8235294117647058,-0.0012493492972410758,-2,-2,2,4,1,56,56,1,2,9,False
Sol,relation,54,False,ADD,,WRONG_PREDICATE|LocatedAt->Modify,0.8247787610619469,0.8162544169611308,-0.00852434410081615,-2,3,2,2,0,56,61,2,4,6,False
Sol,relation,55,False,ADD,,MISSING_EDGE|SuggestiveOf,0.8247787610619469,0.8210526315789474,-0.0037261294829995517,1,4,-1,1,0,56,58,2,2,8,False
Sol,relation,56,False,ADD,,REVERSED_DIRECTION|Modify,0.8247787610619469,0.8140350877192982,-0.010743673342648696,-1,6,1,1,1,56,61,3,4,5,False
Sol,relation,57,False,ADD,,WRONG_OBJECT_ATTACHMENT|Modify,0.8247787610619469,0.823321554770318,-0.001457206291628932,0,1,0,1,1,56,55,2,3,7,False
Sol,relation,58,False,ADD,,WRONG_PREDICATE|Modify->LocatedAt,0.8247787610619469,0.8169014084507042,-0.007877352611242672,-1,4,1,1,0,56,60,2,4,6,False
Sol,relation,59,False,ADD,,WRONG_SUBJECT_ATTACHMENT|LocatedAt,0.8247787610619469,0.823321554770318,-0.001457206291628932,0,1,0,1,1,56,56,1,1,10,False
Sol,relation,60,False,REVISE,R06,WRONG_SUBJECT_ATTACHMENT|Modify,0.8247787610619469,0.7908611599297012,-0.033917601132245734,-8,12,8,1,0,56,70,2,5,5,False
